Age interval,Population size,Population rate,
0-9,28947791,0.013506416,33.78738479
10-19,30986421,0.014457597,
20-29,34042476,0.015883486,
30-39,34816696,0.016244721,
40-49,30365092,0.014167698,
50-59,24684440,0.011517228,
60-69,17704992,0.008260768,
70-79,9285972,0.004332635,
80-89,3213211,0.001499215,
90-99,276940,0.000129214,
over 100,2190,1.02E-06,
