Age interval,Population size,Population rate
0-9,9308513,0.007469966
10-19,10965514,0.008799688
20-29,12124980,0.009730145
30-39,13447597,0.010791529
40-49,17678772,0.014186994
50-59,16668259,0.01337607
60-69,15056484,0.012082641
70-79,16681042,0.013386328
80-89,9751401,0.007825378
90-99,2798243,0.002245555
over 100 ,131722,0.000105705
