Age interval,Population size,Population rate
0-9,17422925,0.012007301
10-19,15631161,0.010772477
20-29,15375599,0.010596352
30-39,24553230,0.01692127
40-49,20966060,0.014449112
50-59,18362988,0.012655161
60-69,18450818,0.012715691
70-79,8719036,0.00600887
80-89,4829658,0.00332844
90-99,780686,0.000538023
over 100,10597,7.3031E-06
